entrypoint,module,type,required,capabilities
about.php,menu,core,True,
admin/accommodation.php,accommodation,integration,False,cashier_accounts;shift_supervision
admin/accommodation_settings.php,accommodation,integration,False,cashier_accounts;shift_supervision
admin/activity_report.php,reporting,business,False,
admin/analytics.php,reporting,business,False,
admin/campaign_form.php,marketing,business,False,
admin/categories.php,menu,core,True,
admin/category_form.php,menu,core,True,
admin/center_settings.php,personnel,integration,False,
admin/event_form.php,marketing,business,False,
admin/events.php,marketing,business,False,
admin/expenses.php,expenses,business,False,shift_supervision
admin/financial_periods.php,finance,core,True,cashier_accounts
admin/index.php,platform,core,True,shift_supervision
admin/inventory.php,inventory,operational,False,inventory_view;inventory_cost_view;inventory_operations;inventory_finalize;inventory_manage
admin/inventory_adjustment.php,inventory,operational,False,inventory_view;inventory_cost_view;inventory_operations;inventory_finalize;inventory_manage
admin/inventory_categories.php,inventory,operational,False,inventory_view;inventory_cost_view;inventory_operations;inventory_finalize;inventory_manage
admin/inventory_count.php,inventory,operational,False,inventory_view;inventory_cost_view;inventory_operations;inventory_finalize;inventory_manage
admin/inventory_count_start.php,inventory,operational,False,inventory_view;inventory_cost_view;inventory_operations;inventory_finalize;inventory_manage
admin/inventory_item.php,inventory,operational,False,inventory_view;inventory_cost_view;inventory_operations;inventory_finalize;inventory_manage
admin/inventory_item_form.php,inventory,operational,False,inventory_view;inventory_cost_view;inventory_operations;inventory_finalize;inventory_manage
admin/inventory_items.php,inventory,operational,False,inventory_view;inventory_cost_view;inventory_operations;inventory_finalize;inventory_manage
admin/inventory_opening.php,inventory,operational,False,inventory_view;inventory_cost_view;inventory_operations;inventory_finalize;inventory_manage
admin/inventory_receive.php,inventory,operational,False,inventory_view;inventory_cost_view;inventory_operations;inventory_finalize;inventory_manage
admin/inventory_report.php,reporting,business,False,
admin/inventory_review.php,inventory,operational,False,inventory_view;inventory_cost_view;inventory_operations;inventory_finalize;inventory_manage
admin/inventory_waste.php,inventory,operational,False,inventory_view;inventory_cost_view;inventory_operations;inventory_finalize;inventory_manage
admin/invoices.php,finance,core,True,cashier_accounts
admin/item_form.php,menu,core,True,
admin/items.php,menu,core,True,
admin/maintenance.php,platform,core,True,shift_supervision
admin/marketing.php,marketing,business,False,
admin/menu_form.php,menu,core,True,
admin/menu_transfer.php,menu,core,True,
admin/messages.php,platform,core,True,shift_supervision
admin/modules.php,platform,core,True,shift_supervision
admin/operations_report.php,reporting,business,False,
admin/personnel.php,personnel,integration,False,
admin/print_templates.php,printing,platform_service,True,
admin/printing.php,printing,platform_service,True,
admin/purchases.php,supply,operational,False,preparation;inventory_operations;shift_supervision
admin/purchases_batch.php,supply,operational,False,preparation;inventory_operations;shift_supervision
admin/push_devices.php,notifications,platform_service,True,orders_floor;preparation
admin/qr.php,orders,core,True,orders_floor;preparation;shift_supervision
admin/settings.php,platform,core,True,shift_supervision
admin/subscribers.php,subscribers,business,False,cashier_accounts
admin/tables.php,orders,core,True,orders_floor;preparation;shift_supervision
admin/tag_form.php,menu,core,True,
admin/tags.php,menu,core,True,
admin/update/index.php,platform,core,True,shift_supervision
admin/tax.php,tax,business,False,shift_supervision
admin/users.php,platform,core,True,shift_supervision
api/create_order.php,orders,core,True,orders_floor;preparation;shift_supervision
api/order_quote.php,orders,core,False,orders_floor;finance
api/guest_orders.php,orders,core,True,orders_floor;preparation;shift_supervision
api/inventory_kick.php,inventory,operational,False,inventory_view;inventory_cost_view;inventory_operations;inventory_finalize;inventory_manage
api/metric.php,reporting,business,False,
api/order_status.php,orders,core,True,orders_floor;preparation;shift_supervision
api/print_bridge_capability.php,printing,platform_service,True,
api/print_status_snapshot.php,printing,platform_service,True,
api/push_action.php,notifications,platform_service,True,orders_floor;preparation
api/push_drain.php,notifications,platform_service,True,orders_floor;preparation
api/push_kick.php,notifications,platform_service,True,orders_floor;preparation
api/sokna_center_payroll_reminder_count.php,personnel,integration,False,
api/sokna_center_personnel_access.php,personnel,integration,False,
api/sokna_center_users.php,personnel,integration,False,
api/table_context.php,orders,core,True,orders_floor;preparation;shift_supervision
api/waiter_call.php,orders,core,True,orders_floor;preparation;shift_supervision
assets/js/supply-needs.js,supply,operational,False,preparation;inventory_operations;shift_supervision
assets/js/supply-purchases.js,supply,operational,False,preparation;inventory_operations;shift_supervision
center_return.php,personnel,integration,False,
favicon.php,platform,core,True,shift_supervision
help.php,platform,core,True,shift_supervision
index.php,platform,core,True,shift_supervision
install.php,platform,core,True,shift_supervision
login.php,platform,core,True,shift_supervision
logout.php,platform,core,True,shift_supervision
manifest.php,platform,core,True,shift_supervision
menu/index.php,menu,core,True,
notification_preferences.php,notifications,platform_service,True,orders_floor;preparation
operator/api_accommodation.php,accommodation,integration,False,cashier_accounts;shift_supervision
operator/api_bill.php,finance,core,True,cashier_accounts
operator/api_controls.php,orders,core,True,orders_floor;preparation;shift_supervision
operator/api_orders.php,orders,core,True,orders_floor;preparation;shift_supervision
operator/api_settlements.php,finance,core,True,cashier_accounts
operator/api_status.php,orders,core,True,orders_floor;preparation;shift_supervision
operator/api_subscribers.php,subscribers,business,False,cashier_accounts
operator/api_table_session.php,orders,core,True,orders_floor;preparation;shift_supervision
operator/api_waiter.php,orders,core,True,orders_floor;preparation;shift_supervision
operator/index.php,orders,core,True,orders_floor;preparation;shift_supervision
operator/invoices.php,finance,core,True,cashier_accounts
operator/subscribers.php,subscribers,business,False,cashier_accounts
operator/supply-needs.php,supply,operational,False,preparation;inventory_operations;shift_supervision
print-agent/v4/api.php,printing,platform_service,True,
robots.php,platform,core,True,shift_supervision
service-worker.js,notifications,platform_service,True,orders_floor;preparation
sitemap.php,platform,core,True,shift_supervision
staff/api_quick_order.php,orders,core,True,orders_floor;preparation;shift_supervision
staff/quick-order.php,orders,core,True,orders_floor;preparation;shift_supervision
waiter/api_action.php,orders,core,True,orders_floor;preparation;shift_supervision
waiter/api_feed.php,orders,core,True,orders_floor;preparation;shift_supervision
waiter/api_push.php,notifications,platform_service,True,orders_floor;preparation
waiter/index.php,orders,core,True,orders_floor;preparation;shift_supervision
